0.000000000000000000e+00;0.000000000000000000e+00;0.000000000000000000e+00;7.500000000000000000e+00
2.000000000000000042e-02;0.000000000000000000e+00;0.000000000000000000e+00;7.500000000000000000e+00
4.000000000000000083e-02;0.000000000000000000e+00;5.999999999999999778e-02;7.500000000000000000e+00
5.999999999999999778e-02;0.000000000000000000e+00;2.099999999999999922e-01;7.500000000000000000e+00
8.000000000000000167e-02;0.000000000000000000e+00;4.099999999999999756e-01;7.500000000000000000e+00
1.000000000000000056e-01;0.000000000000000000e+00;6.099999999999999867e-01;7.500000000000000000e+00
1.200000000000000094e-01;0.000000000000000000e+00;8.299999999999999600e-01;7.500000000000000000e+00
1.400000000000000133e-01;0.000000000000000000e+00;1.040000000000000036e+00;7.500000000000000000e+00
1.600000000000000033e-01;0.000000000000000000e+00;1.209999999999999964e+00;7.500000000000000000e+00
1.799999999999999933e-01;0.000000000000000000e+00;1.389999999999999902e+00;7.500000000000000000e+00
1.999999999999999833e-01;0.000000000000000000e+00;1.540000000000000036e+00;7.500000000000000000e+00
2.199999999999999734e-01;0.000000000000000000e+00;1.669999999999999929e+00;7.500000000000000000e+00
2.399999999999999634e-01;0.000000000000000000e+00;1.790000000000000036e+00;7.500000000000000000e+00
2.599999999999999534e-01;0.000000000000000000e+00;1.889999999999999902e+00;7.500000000000000000e+00
2.799999999999999711e-01;0.000000000000000000e+00;1.969999999999999973e+00;7.500000000000000000e+00
2.999999999999999889e-01;0.000000000000000000e+00;2.040000000000000036e+00;7.500000000000000000e+00
3.200000000000000067e-01;0.000000000000000000e+00;2.100000000000000089e+00;7.500000000000000000e+00
3.400000000000000244e-01;0.000000000000000000e+00;2.160000000000000142e+00;7.500000000000000000e+00
3.600000000000000422e-01;0.000000000000000000e+00;2.200000000000000178e+00;7.500000000000000000e+00
3.800000000000000600e-01;0.000000000000000000e+00;2.250000000000000000e+00;7.500000000000000000e+00
4.000000000000000777e-01;0.000000000000000000e+00;2.279999999999999805e+00;7.500000000000000000e+00
4.200000000000000955e-01;0.000000000000000000e+00;2.299999999999999822e+00;7.500000000000000000e+00
4.400000000000001132e-01;0.000000000000000000e+00;2.319999999999999840e+00;7.500000000000000000e+00
4.600000000000001310e-01;0.000000000000000000e+00;2.339999999999999858e+00;7.500000000000000000e+00
4.800000000000001488e-01;0.000000000000000000e+00;2.359999999999999876e+00;7.500000000000000000e+00
5.000000000000001110e-01;0.000000000000000000e+00;2.379999999999999893e+00;7.500000000000000000e+00
5.200000000000001288e-01;0.000000000000000000e+00;2.390000000000000124e+00;7.500000000000000000e+00
5.400000000000001465e-01;0.000000000000000000e+00;2.399999999999999911e+00;7.500000000000000000e+00
5.600000000000001643e-01;0.000000000000000000e+00;2.410000000000000142e+00;7.500000000000000000e+00
5.800000000000001821e-01;0.000000000000000000e+00;2.419999999999999929e+00;7.500000000000000000e+00
6.000000000000001998e-01;0.000000000000000000e+00;2.430000000000000160e+00;7.500000000000000000e+00
6.200000000000002176e-01;0.000000000000000000e+00;2.430000000000000160e+00;7.500000000000000000e+00
6.400000000000002354e-01;0.000000000000000000e+00;2.419999999999999929e+00;7.500000000000000000e+00
6.600000000000002531e-01;0.000000000000000000e+00;2.430000000000000160e+00;7.500000000000000000e+00
6.800000000000002709e-01;0.000000000000000000e+00;2.430000000000000160e+00;7.500000000000000000e+00
7.000000000000002887e-01;0.000000000000000000e+00;2.430000000000000160e+00;7.500000000000000000e+00
7.200000000000003064e-01;0.000000000000000000e+00;2.439999999999999947e+00;7.500000000000000000e+00
7.400000000000003242e-01;0.000000000000000000e+00;2.439999999999999947e+00;7.500000000000000000e+00
7.600000000000003419e-01;0.000000000000000000e+00;2.439999999999999947e+00;7.500000000000000000e+00
7.800000000000003597e-01;0.000000000000000000e+00;2.450000000000000178e+00;7.500000000000000000e+00
8.000000000000003775e-01;0.000000000000000000e+00;2.450000000000000178e+00;7.500000000000000000e+00
8.200000000000003952e-01;0.000000000000000000e+00;2.450000000000000178e+00;7.500000000000000000e+00
8.400000000000004130e-01;0.000000000000000000e+00;2.459999999999999964e+00;7.500000000000000000e+00
8.600000000000004308e-01;0.000000000000000000e+00;2.459999999999999964e+00;7.500000000000000000e+00
8.800000000000004485e-01;0.000000000000000000e+00;2.459999999999999964e+00;7.500000000000000000e+00
9.000000000000004663e-01;0.000000000000000000e+00;2.459999999999999964e+00;7.500000000000000000e+00
9.200000000000004841e-01;0.000000000000000000e+00;2.470000000000000195e+00;7.500000000000000000e+00
9.400000000000005018e-01;0.000000000000000000e+00;2.459999999999999964e+00;7.500000000000000000e+00
9.600000000000005196e-01;0.000000000000000000e+00;2.459999999999999964e+00;7.500000000000000000e+00
9.800000000000005373e-01;0.000000000000000000e+00;2.450000000000000178e+00;7.500000000000000000e+00
1.000000000000000444e+00;1.000000000000000000e+00;2.459999999999999964e+00;7.693150000000000155e+00
1.020000000000000462e+00;1.000000000000000000e+00;2.450000000000000178e+00;7.916299999999999670e+00
1.040000000000000480e+00;1.000000000000000000e+00;2.450000000000000178e+00;8.125599999999998602e+00
1.060000000000000497e+00;1.000000000000000000e+00;2.459999999999999964e+00;8.318749999999999645e+00
1.080000000000000515e+00;1.000000000000000000e+00;2.459999999999999964e+00;8.525750000000000384e+00
1.100000000000000533e+00;1.000000000000000000e+00;2.470000000000000195e+00;8.716599999999999682e+00
1.120000000000000551e+00;1.000000000000000000e+00;2.479999999999999982e+00;8.905149999999999011e+00
1.140000000000000568e+00;1.000000000000000000e+00;2.500000000000000000e+00;9.075249999999998707e+00
1.160000000000000586e+00;1.000000000000000000e+00;2.520000000000000018e+00;9.240749999999998465e+00
1.180000000000000604e+00;1.000000000000000000e+00;2.549999999999999822e+00;9.385499999999998622e+00
1.200000000000000622e+00;1.000000000000000000e+00;2.589999999999999858e+00;9.507199999999999207e+00
1.220000000000000639e+00;1.000000000000000000e+00;2.609999999999999876e+00;9.651999999999999247e+00
1.240000000000000657e+00;1.000000000000000000e+00;2.629999999999999893e+00;9.792199999999997573e+00
1.260000000000000675e+00;1.000000000000000000e+00;2.669999999999999929e+00;9.895499999999998408e+00
1.280000000000000693e+00;1.000000000000000000e+00;2.689999999999999947e+00;1.002189999999999870e+01
1.300000000000000711e+00;1.000000000000000000e+00;2.729999999999999982e+00;1.011139999999999795e+01
1.320000000000000728e+00;1.000000000000000000e+00;2.750000000000000000e+00;1.022399999999999842e+01
1.340000000000000746e+00;1.000000000000000000e+00;2.770000000000000018e+00;1.033199999999999719e+01
1.360000000000000764e+00;1.000000000000000000e+00;2.790000000000000036e+00;1.043539999999999779e+01
1.380000000000000782e+00;1.000000000000000000e+00;2.810000000000000053e+00;1.053419999999999845e+01
1.400000000000000799e+00;1.000000000000000000e+00;2.830000000000000071e+00;1.062839999999999741e+01
1.420000000000000817e+00;1.000000000000000000e+00;2.839999999999999858e+00;1.073414999999999786e+01
1.440000000000000835e+00;1.000000000000000000e+00;2.859999999999999876e+00;1.082144999999999690e+01
1.460000000000000853e+00;1.000000000000000000e+00;2.879999999999999893e+00;1.090414999999999779e+01
1.480000000000000870e+00;1.000000000000000000e+00;2.899999999999999911e+00;1.098224999999999696e+01
1.500000000000000888e+00;1.000000000000000000e+00;2.919999999999999929e+00;1.105574999999999619e+01
1.520000000000000906e+00;1.000000000000000000e+00;2.939999999999999947e+00;1.112464999999999549e+01
1.540000000000000924e+00;1.000000000000000000e+00;2.950000000000000178e+00;1.120509999999999629e+01
1.560000000000000941e+00;1.000000000000000000e+00;2.959999999999999964e+00;1.128324999999999712e+01
1.580000000000000959e+00;1.000000000000000000e+00;2.990000000000000213e+00;1.132679999999999687e+01
1.600000000000000977e+00;1.000000000000000000e+00;3.000000000000000000e+00;1.139574999999999605e+01
1.620000000000000995e+00;1.000000000000000000e+00;3.009999999999999787e+00;1.146239999999999704e+01
1.640000000000001013e+00;1.000000000000000000e+00;3.020000000000000018e+00;1.152674999999999628e+01
1.660000000000001030e+00;1.000000000000000000e+00;3.029999999999999805e+00;1.158879999999999910e+01
1.680000000000001048e+00;1.000000000000000000e+00;3.040000000000000036e+00;1.164854999999999841e+01
1.700000000000001066e+00;1.000000000000000000e+00;3.049999999999999822e+00;1.170599999999999952e+01
1.720000000000001084e+00;1.000000000000000000e+00;3.049999999999999822e+00;1.177729999999999855e+01
1.740000000000001101e+00;1.000000000000000000e+00;3.060000000000000053e+00;1.183244999999999791e+01
1.760000000000001119e+00;1.000000000000000000e+00;3.069999999999999840e+00;1.188529999999999731e+01
1.780000000000001137e+00;1.000000000000000000e+00;3.080000000000000071e+00;1.193584999999999852e+01
1.800000000000001155e+00;1.000000000000000000e+00;3.080000000000000071e+00;1.200024999999999764e+01
1.820000000000001172e+00;1.000000000000000000e+00;3.089999999999999858e+00;1.204849999999999710e+01
1.840000000000001190e+00;1.000000000000000000e+00;3.109999999999999876e+00;1.207829999999999870e+01
1.860000000000001208e+00;1.000000000000000000e+00;3.109999999999999876e+00;1.213579999999999615e+01
1.880000000000001226e+00;1.000000000000000000e+00;3.109999999999999876e+00;1.219329999999999714e+01
1.900000000000001243e+00;1.000000000000000000e+00;3.120000000000000107e+00;1.223464999999999492e+01
1.920000000000001261e+00;1.000000000000000000e+00;3.120000000000000107e+00;1.228984999999999594e+01
1.940000000000001279e+00;1.000000000000000000e+00;3.129999999999999893e+00;1.232889999999999731e+01
1.960000000000001297e+00;1.000000000000000000e+00;3.129999999999999893e+00;1.238179999999999659e+01
1.980000000000001315e+00;1.000000000000000000e+00;3.140000000000000124e+00;1.241854999999999620e+01
2.000000000000001332e+00;-1.000000000000000000e+00;3.140000000000000124e+00;9.239149999999996865e+00
2.020000000000001350e+00;-1.000000000000000000e+00;3.149999999999999911e+00;8.813599999999997436e+00
2.040000000000001368e+00;-1.000000000000000000e+00;3.129999999999999893e+00;8.434199999999997033e+00
2.060000000000001386e+00;-1.000000000000000000e+00;3.120000000000000107e+00;8.043249999999996902e+00
2.080000000000001403e+00;-1.000000000000000000e+00;3.080000000000000071e+00;7.703049999999995734e+00
2.100000000000001421e+00;-1.000000000000000000e+00;3.049999999999999822e+00;7.355899999999996552e+00
2.120000000000001439e+00;-1.000000000000000000e+00;3.000000000000000000e+00;7.047949999999996606e+00
2.140000000000001457e+00;-1.000000000000000000e+00;2.950000000000000178e+00;6.751499999999996504e+00
2.160000000000001474e+00;-1.000000000000000000e+00;2.899999999999999911e+00;6.466549999999997134e+00
2.180000000000001492e+00;-1.000000000000000000e+00;2.839999999999999858e+00;6.209249999999997272e+00
2.200000000000001510e+00;-1.000000000000000000e+00;2.779999999999999805e+00;5.965749999999997222e+00
2.220000000000001528e+00;-1.000000000000000000e+00;2.720000000000000195e+00;5.736049999999996984e+00
2.240000000000001545e+00;-1.000000000000000000e+00;2.640000000000000124e+00;5.552449999999996777e+00
2.260000000000001563e+00;-1.000000000000000000e+00;2.589999999999999858e+00;5.338799999999996437e+00
2.280000000000001581e+00;-1.000000000000000000e+00;2.520000000000000018e+00;5.168949999999996159e+00
2.300000000000001599e+00;-1.000000000000000000e+00;2.439999999999999947e+00;5.031349999999996214e+00
2.320000000000001616e+00;-1.000000000000000000e+00;2.370000000000000107e+00;4.895999999999996355e+00
2.340000000000001634e+00;-1.000000000000000000e+00;2.299999999999999822e+00;4.776749999999997165e+00
2.360000000000001652e+00;-1.000000000000000000e+00;2.220000000000000195e+00;4.689749999999996533e+00
2.380000000000001670e+00;-1.000000000000000000e+00;2.140000000000000124e+00;4.621149999999996538e+00
2.400000000000001688e+00;-1.000000000000000000e+00;2.069999999999999840e+00;4.554799999999996629e+00
2.420000000000001705e+00;-1.000000000000000000e+00;1.989999999999999991e+00;4.520699999999996166e+00
2.440000000000001723e+00;-1.000000000000000000e+00;1.919999999999999929e+00;4.488849999999996676e+00
2.460000000000001741e+00;-1.000000000000000000e+00;1.850000000000000089e+00;4.473099999999996079e+00
2.480000000000001759e+00;-1.000000000000000000e+00;1.800000000000000044e+00;4.441149999999995934e+00
2.500000000000001776e+00;-1.000000000000000000e+00;1.729999999999999982e+00;4.452999999999995850e+00
2.520000000000001794e+00;-1.000000000000000000e+00;1.659999999999999920e+00;4.480949999999996436e+00
2.540000000000001812e+00;-1.000000000000000000e+00;1.610000000000000098e+00;4.492699999999995697e+00
2.560000000000001830e+00;-1.000000000000000000e+00;1.560000000000000053e+00;4.515949999999996578e+00
2.580000000000001847e+00;-1.000000000000000000e+00;1.510000000000000009e+00;4.550699999999995526e+00
2.600000000000001865e+00;-1.000000000000000000e+00;1.469999999999999973e+00;4.580799999999996430e+00
2.620000000000001883e+00;-1.000000000000000000e+00;1.429999999999999938e+00;4.620099999999996321e+00
2.640000000000001901e+00;-1.000000000000000000e+00;1.399999999999999911e+00;4.652449999999996422e+00
2.660000000000001918e+00;-1.000000000000000000e+00;1.370000000000000107e+00;4.691699999999995541e+00
2.680000000000001936e+00;-1.000000000000000000e+00;1.350000000000000089e+00;4.721699999999995789e+00
2.700000000000001954e+00;-1.000000000000000000e+00;1.320000000000000062e+00;4.772449999999995640e+00
2.720000000000001972e+00;-1.000000000000000000e+00;1.320000000000000062e+00;4.781649999999995515e+00
2.740000000000001990e+00;-1.000000000000000000e+00;1.300000000000000044e+00;4.823149999999995607e+00
2.760000000000002007e+00;-1.000000000000000000e+00;1.300000000000000044e+00;4.836949999999995420e+00
2.780000000000002025e+00;-1.000000000000000000e+00;1.280000000000000027e+00;4.883049999999995450e+00
2.800000000000002043e+00;-1.000000000000000000e+00;1.300000000000000044e+00;4.869149999999995870e+00
2.820000000000002061e+00;-1.000000000000000000e+00;1.290000000000000036e+00;4.899099999999995347e+00
2.840000000000002078e+00;-1.000000000000000000e+00;1.300000000000000044e+00;4.899049999999995464e+00
2.860000000000002096e+00;-1.000000000000000000e+00;1.300000000000000044e+00;4.912849999999995276e+00
2.880000000000002114e+00;-1.000000000000000000e+00;1.300000000000000044e+00;4.926649999999995089e+00
2.900000000000002132e+00;-1.000000000000000000e+00;1.310000000000000053e+00;4.924299999999995237e+00
2.920000000000002149e+00;-1.000000000000000000e+00;1.310000000000000053e+00;4.935799999999995080e+00
2.940000000000002167e+00;-1.000000000000000000e+00;1.330000000000000071e+00;4.914999999999994706e+00
2.960000000000002185e+00;-1.000000000000000000e+00;1.330000000000000071e+00;4.921899999999995501e+00
2.980000000000002203e+00;-1.000000000000000000e+00;1.330000000000000071e+00;4.928799999999995407e+00
3.000000000000002220e+00;-1.000000000000000000e+00;1.350000000000000089e+00;4.903399999999995984e+00
3.020000000000002238e+00;-1.000000000000000000e+00;1.350000000000000089e+00;4.905699999999995953e+00
3.040000000000002256e+00;-1.000000000000000000e+00;1.360000000000000098e+00;4.891849999999995369e+00
3.060000000000002274e+00;-1.000000000000000000e+00;1.370000000000000107e+00;4.875699999999994816e+00
3.080000000000002292e+00;-1.000000000000000000e+00;1.360000000000000098e+00;4.889549999999994512e+00
3.100000000000002309e+00;-1.000000000000000000e+00;1.360000000000000098e+00;4.889549999999994512e+00
3.120000000000002327e+00;-1.000000000000000000e+00;1.370000000000000107e+00;4.873399999999994847e+00
3.140000000000002345e+00;-1.000000000000000000e+00;1.370000000000000107e+00;4.871099999999994878e+00
3.160000000000002363e+00;-1.000000000000000000e+00;1.379999999999999893e+00;4.852649999999994357e+00
3.180000000000002380e+00;-1.000000000000000000e+00;1.379999999999999893e+00;4.848049999999993531e+00
3.200000000000002398e+00;-1.000000000000000000e+00;1.370000000000000107e+00;4.859599999999993258e+00
3.220000000000002416e+00;-1.000000000000000000e+00;1.370000000000000107e+00;4.857299999999993290e+00
3.240000000000002434e+00;-1.000000000000000000e+00;1.379999999999999893e+00;4.838849999999992768e+00
3.260000000000002451e+00;-1.000000000000000000e+00;1.370000000000000107e+00;4.850399999999991607e+00
3.280000000000002469e+00;-1.000000000000000000e+00;1.379999999999999893e+00;4.831949999999991974e+00
3.300000000000002487e+00;-1.000000000000000000e+00;1.370000000000000107e+00;4.843499999999991701e+00
3.320000000000002505e+00;-1.000000000000000000e+00;1.370000000000000107e+00;4.841199999999990844e+00
3.340000000000002522e+00;-1.000000000000000000e+00;1.370000000000000107e+00;4.838899999999989987e+00
3.360000000000002540e+00;-1.000000000000000000e+00;1.360000000000000098e+00;4.852749999999989683e+00
3.380000000000002558e+00;-1.000000000000000000e+00;1.370000000000000107e+00;4.836599999999990018e+00
3.400000000000002576e+00;-1.000000000000000000e+00;1.360000000000000098e+00;4.850449999999989714e+00
3.420000000000002593e+00;-1.000000000000000000e+00;1.360000000000000098e+00;4.850449999999989714e+00
3.440000000000002611e+00;-1.000000000000000000e+00;1.370000000000000107e+00;4.834299999999990050e+00
3.460000000000002629e+00;-1.000000000000000000e+00;1.360000000000000098e+00;4.848149999999989745e+00
3.480000000000002647e+00;-1.000000000000000000e+00;1.350000000000000089e+00;4.864299999999989410e+00
3.500000000000002665e+00;-1.000000000000000000e+00;1.360000000000000098e+00;4.850449999999989714e+00
3.520000000000002682e+00;-1.000000000000000000e+00;1.350000000000000089e+00;4.866599999999989379e+00
3.540000000000002700e+00;-1.000000000000000000e+00;1.350000000000000089e+00;4.868899999999989348e+00
3.560000000000002718e+00;-1.000000000000000000e+00;1.350000000000000089e+00;4.871199999999989316e+00
3.580000000000002736e+00;-1.000000000000000000e+00;1.350000000000000089e+00;4.873499999999989285e+00
3.600000000000002753e+00;-1.000000000000000000e+00;1.360000000000000098e+00;4.859649999999989589e+00
3.620000000000002771e+00;-1.000000000000000000e+00;1.350000000000000089e+00;4.875799999999989254e+00
3.640000000000002789e+00;-1.000000000000000000e+00;1.350000000000000089e+00;4.878099999999989222e+00
3.660000000000002807e+00;-1.000000000000000000e+00;1.360000000000000098e+00;4.864249999999989527e+00
3.680000000000002824e+00;-1.000000000000000000e+00;1.350000000000000089e+00;4.880399999999989191e+00
3.700000000000002842e+00;-1.000000000000000000e+00;1.360000000000000098e+00;4.866549999999989495e+00
3.720000000000002860e+00;-1.000000000000000000e+00;1.360000000000000098e+00;4.866549999999989495e+00
3.740000000000002878e+00;-1.000000000000000000e+00;1.360000000000000098e+00;4.866549999999989495e+00
3.760000000000002895e+00;-1.000000000000000000e+00;1.360000000000000098e+00;4.866549999999989495e+00
3.780000000000002913e+00;-1.000000000000000000e+00;1.360000000000000098e+00;4.866549999999989495e+00
3.800000000000002931e+00;-1.000000000000000000e+00;1.360000000000000098e+00;4.866549999999989495e+00
3.820000000000002949e+00;-1.000000000000000000e+00;1.370000000000000107e+00;4.850399999999988943e+00
3.840000000000002967e+00;-1.000000000000000000e+00;1.370000000000000107e+00;4.848099999999988086e+00
3.860000000000002984e+00;-1.000000000000000000e+00;1.370000000000000107e+00;4.845799999999988117e+00
3.880000000000003002e+00;-1.000000000000000000e+00;1.379999999999999893e+00;4.827349999999988484e+00
3.900000000000003020e+00;-1.000000000000000000e+00;1.370000000000000107e+00;4.838899999999987322e+00
3.920000000000003038e+00;-1.000000000000000000e+00;1.370000000000000107e+00;4.836599999999986466e+00
3.940000000000003055e+00;-1.000000000000000000e+00;1.379999999999999893e+00;4.818149999999986832e+00
3.960000000000003073e+00;-1.000000000000000000e+00;1.370000000000000107e+00;4.829699999999986559e+00
3.980000000000003091e+00;-1.000000000000000000e+00;1.370000000000000107e+00;4.827399999999985702e+00
4.000000000000002665e+00;1.000000000000000000e+00;1.370000000000000107e+00;8.055099999999985272e+00
4.020000000000002238e+00;1.000000000000000000e+00;1.360000000000000098e+00;8.528949999999984044e+00
4.040000000000001812e+00;1.000000000000000000e+00;1.389999999999999902e+00;8.940499999999985903e+00
4.060000000000001386e+00;1.000000000000000000e+00;1.469999999999999973e+00;9.264399999999985980e+00
4.080000000000000959e+00;1.000000000000000000e+00;1.570000000000000062e+00;9.537599999999985201e+00
4.100000000000000533e+00;1.000000000000000000e+00;1.689999999999999947e+00;9.755499999999983629e+00
4.120000000000000107e+00;1.000000000000000000e+00;1.820000000000000062e+00;9.929649999999984544e+00
4.139999999999999680e+00;1.000000000000000000e+00;1.949999999999999956e+00;1.007389999999998409e+01
4.159999999999999254e+00;1.000000000000000000e+00;2.089999999999999858e+00;1.017209999999998438e+01
4.179999999999998828e+00;1.000000000000000000e+00;2.200000000000000178e+00;1.028654999999998410e+01
4.199999999999998401e+00;1.000000000000000000e+00;2.310000000000000053e+00;1.037569999999998416e+01
4.219999999999997975e+00;1.000000000000000000e+00;2.399999999999999911e+00;1.047184999999998389e+01
4.239999999999997549e+00;1.000000000000000000e+00;2.490000000000000213e+00;1.054729999999998213e+01
4.259999999999997122e+00;1.000000000000000000e+00;2.560000000000000053e+00;1.063434999999998354e+01
4.279999999999996696e+00;1.000000000000000000e+00;2.629999999999999893e+00;1.070529999999998338e+01
4.299999999999996270e+00;1.000000000000000000e+00;2.680000000000000160e+00;1.079244999999998456e+01
4.319999999999995843e+00;1.000000000000000000e+00;2.740000000000000213e+00;1.085194999999998444e+01
4.339999999999995417e+00;1.000000000000000000e+00;2.779999999999999805e+00;1.092994999999998385e+01
4.359999999999994991e+00;1.000000000000000000e+00;2.819999999999999840e+00;1.099874999999998337e+01
4.379999999999994564e+00;1.000000000000000000e+00;2.839999999999999858e+00;1.109064999999998413e+01
4.399999999999994138e+00;1.000000000000000000e+00;2.879999999999999893e+00;1.114564999999998385e+01
4.419999999999993712e+00;1.000000000000000000e+00;2.899999999999999911e+00;1.122374999999998302e+01
4.439999999999993285e+00;1.000000000000000000e+00;2.930000000000000160e+00;1.128109999999998259e+01
4.459999999999992859e+00;1.000000000000000000e+00;2.950000000000000178e+00;1.134769999999998191e+01
4.479999999999992433e+00;1.000000000000000000e+00;2.970000000000000195e+00;1.140969999999998308e+01
4.499999999999992006e+00;1.000000000000000000e+00;2.990000000000000213e+00;1.146709999999998253e+01
4.519999999999991580e+00;1.000000000000000000e+00;3.009999999999999787e+00;1.151989999999998204e+01
4.539999999999991154e+00;1.000000000000000000e+00;3.020000000000000018e+00;1.158424999999998306e+01
4.559999999999990727e+00;1.000000000000000000e+00;3.029999999999999805e+00;1.164629999999998411e+01
4.579999999999990301e+00;1.000000000000000000e+00;3.040000000000000036e+00;1.170604999999998341e+01
4.599999999999989875e+00;1.000000000000000000e+00;3.049999999999999822e+00;1.176349999999998452e+01
4.619999999999989448e+00;1.000000000000000000e+00;3.049999999999999822e+00;1.183479999999998356e+01
4.639999999999989022e+00;1.000000000000000000e+00;3.069999999999999840e+00;1.187379999999998503e+01
4.659999999999988596e+00;1.000000000000000000e+00;3.069999999999999840e+00;1.194049999999998413e+01
4.679999999999988169e+00;1.000000000000000000e+00;3.069999999999999840e+00;1.200719999999998322e+01
4.699999999999987743e+00;1.000000000000000000e+00;3.089999999999999858e+00;1.204159999999998476e+01
4.719999999999987317e+00;1.000000000000000000e+00;3.100000000000000089e+00;1.208754999999998248e+01
4.739999999999986890e+00;1.000000000000000000e+00;3.100000000000000089e+00;1.214734999999998166e+01
4.759999999999986464e+00;1.000000000000000000e+00;3.109999999999999876e+00;1.219099999999998118e+01
4.779999999999986038e+00;1.000000000000000000e+00;3.120000000000000107e+00;1.223234999999998251e+01
4.799999999999985612e+00;1.000000000000000000e+00;3.129999999999999893e+00;1.227139999999998210e+01
4.819999999999985185e+00;1.000000000000000000e+00;3.120000000000000107e+00;1.234044999999998282e+01
4.839999999999984759e+00;1.000000000000000000e+00;3.129999999999999893e+00;1.237949999999998241e+01
4.859999999999984333e+00;1.000000000000000000e+00;3.140000000000000124e+00;1.241624999999998202e+01
4.879999999999983906e+00;1.000000000000000000e+00;3.140000000000000124e+00;1.246684999999998311e+01
4.899999999999983480e+00;1.000000000000000000e+00;3.140000000000000124e+00;1.251744999999998242e+01
4.919999999999983054e+00;1.000000000000000000e+00;3.149999999999999911e+00;1.255189999999998207e+01
4.939999999999982627e+00;1.000000000000000000e+00;3.160000000000000142e+00;1.258404999999998353e+01
4.959999999999982201e+00;1.000000000000000000e+00;3.160000000000000142e+00;1.263004999999998290e+01
4.979999999999981775e+00;1.000000000000000000e+00;3.169999999999999929e+00;1.265989999999998261e+01
4.999999999999981348e+00;1.000000000000000000e+00;3.160000000000000142e+00;1.271974999999998346e+01
5.019999999999980922e+00;1.000000000000000000e+00;3.169999999999999929e+00;1.274959999999998317e+01
5.039999999999980496e+00;1.000000000000000000e+00;3.180000000000000160e+00;1.277714999999998469e+01
5.059999999999980069e+00;1.000000000000000000e+00;3.189999999999999947e+00;1.280239999999998446e+01
5.079999999999979643e+00;1.000000000000000000e+00;3.189999999999999947e+00;1.284149999999998215e+01
5.099999999999979217e+00;1.000000000000000000e+00;3.189999999999999947e+00;1.288059999999998340e+01
5.119999999999978790e+00;1.000000000000000000e+00;3.189999999999999947e+00;1.291969999999998109e+01
5.139999999999978364e+00;1.000000000000000000e+00;3.189999999999999947e+00;1.295879999999998233e+01
5.159999999999977938e+00;1.000000000000000000e+00;3.200000000000000178e+00;1.298174999999998036e+01
5.179999999999977511e+00;1.000000000000000000e+00;3.209999999999999964e+00;1.300239999999998020e+01
5.199999999999977085e+00;1.000000000000000000e+00;3.209999999999999964e+00;1.303689999999998150e+01
5.219999999999976659e+00;1.000000000000000000e+00;3.209999999999999964e+00;1.307139999999997926e+01
5.239999999999976232e+00;1.000000000000000000e+00;3.220000000000000195e+00;1.308974999999998090e+01
5.259999999999975806e+00;1.000000000000000000e+00;3.209999999999999964e+00;1.313809999999998013e+01
5.279999999999975380e+00;1.000000000000000000e+00;3.220000000000000195e+00;1.315644999999997999e+01
5.299999999999974953e+00;1.000000000000000000e+00;3.229999999999999982e+00;1.317249999999998167e+01
5.319999999999974527e+00;1.000000000000000000e+00;3.229999999999999982e+00;1.320239999999998126e+01
5.339999999999974101e+00;1.000000000000000000e+00;3.240000000000000213e+00;1.321614999999998119e+01
5.359999999999973674e+00;1.000000000000000000e+00;3.240000000000000213e+00;1.324374999999998082e+01
5.379999999999973248e+00;1.000000000000000000e+00;3.240000000000000213e+00;1.327134999999998044e+01
5.399999999999972822e+00;1.000000000000000000e+00;3.240000000000000213e+00;1.329894999999998007e+01
5.419999999999972395e+00;1.000000000000000000e+00;3.240000000000000213e+00;1.332654999999997969e+01
5.439999999999971969e+00;1.000000000000000000e+00;3.250000000000000000e+00;1.333799999999997965e+01
5.459999999999971543e+00;1.000000000000000000e+00;3.250000000000000000e+00;1.336329999999997931e+01
5.479999999999971116e+00;1.000000000000000000e+00;3.250000000000000000e+00;1.338859999999997896e+01
5.499999999999970690e+00;1.000000000000000000e+00;3.250000000000000000e+00;1.341389999999997862e+01
5.519999999999970264e+00;1.000000000000000000e+00;3.250000000000000000e+00;1.343919999999997827e+01
5.539999999999969837e+00;1.000000000000000000e+00;3.250000000000000000e+00;1.346449999999997793e+01
5.559999999999969411e+00;1.000000000000000000e+00;3.240000000000000213e+00;1.350594999999997725e+01
5.579999999999968985e+00;1.000000000000000000e+00;3.250000000000000000e+00;1.351739999999997721e+01
5.599999999999968558e+00;1.000000000000000000e+00;3.250000000000000000e+00;1.354269999999997687e+01
5.619999999999968132e+00;1.000000000000000000e+00;3.250000000000000000e+00;1.356799999999997652e+01
5.639999999999967706e+00;1.000000000000000000e+00;3.250000000000000000e+00;1.359329999999997618e+01
5.659999999999967280e+00;1.000000000000000000e+00;3.259999999999999787e+00;1.360244999999997617e+01
5.679999999999966853e+00;1.000000000000000000e+00;3.259999999999999787e+00;1.362544999999997586e+01
5.699999999999966427e+00;1.000000000000000000e+00;3.259999999999999787e+00;1.364844999999997555e+01
5.719999999999966001e+00;1.000000000000000000e+00;3.259999999999999787e+00;1.367144999999997523e+01
5.739999999999965574e+00;1.000000000000000000e+00;3.259999999999999787e+00;1.369444999999997492e+01
5.759999999999965148e+00;1.000000000000000000e+00;3.259999999999999787e+00;1.371744999999997461e+01
5.779999999999964722e+00;1.000000000000000000e+00;3.270000000000000018e+00;1.372429999999997463e+01
5.799999999999964295e+00;1.000000000000000000e+00;3.270000000000000018e+00;1.374499999999997257e+01
5.819999999999963869e+00;1.000000000000000000e+00;3.279999999999999805e+00;1.374954999999997440e+01
5.839999999999963443e+00;1.000000000000000000e+00;3.279999999999999805e+00;1.376794999999997415e+01
5.859999999999963016e+00;1.000000000000000000e+00;3.279999999999999805e+00;1.378634999999997390e+01
5.879999999999962590e+00;1.000000000000000000e+00;3.290000000000000036e+00;1.378859999999997221e+01
5.899999999999962164e+00;1.000000000000000000e+00;3.290000000000000036e+00;1.380469999999997199e+01
5.919999999999961737e+00;1.000000000000000000e+00;3.290000000000000036e+00;1.382079999999997177e+01
5.939999999999961311e+00;1.000000000000000000e+00;3.290000000000000036e+00;1.383689999999997156e+01
5.959999999999960885e+00;1.000000000000000000e+00;3.290000000000000036e+00;1.385299999999997134e+01
5.979999999999960458e+00;1.000000000000000000e+00;3.279999999999999805e+00;1.388524999999997078e+01
5.999999999999960032e+00;-1.000000000000000000e+00;3.290000000000000036e+00;1.065749999999997044e+01
6.019999999999959606e+00;-1.000000000000000000e+00;3.290000000000000036e+00;1.021359999999997115e+01
6.039999999999959179e+00;-1.000000000000000000e+00;3.279999999999999805e+00;9.785849999999971516e+00
6.059999999999958753e+00;-1.000000000000000000e+00;3.259999999999999787e+00;9.376549999999971519e+00
6.079999999999958327e+00;-1.000000000000000000e+00;3.229999999999999982e+00;8.987999999999971124e+00
6.099999999999957900e+00;-1.000000000000000000e+00;3.189999999999999947e+00;8.622499999999972076e+00
6.119999999999957474e+00;-1.000000000000000000e+00;3.149999999999999911e+00;8.266199999999972903e+00
6.139999999999957048e+00;-1.000000000000000000e+00;3.100000000000000089e+00;7.935249999999971493e+00
6.159999999999956621e+00;-1.000000000000000000e+00;3.049999999999999822e+00;7.615799999999972592e+00
6.179999999999956195e+00;-1.000000000000000000e+00;3.000000000000000000e+00;7.307849999999972646e+00
6.199999999999955769e+00;-1.000000000000000000e+00;2.950000000000000178e+00;7.011399999999972543e+00
6.219999999999955342e+00;-1.000000000000000000e+00;2.899999999999999911e+00;6.726449999999973173e+00
6.239999999999954916e+00;-1.000000000000000000e+00;2.830000000000000071e+00;6.485299999999972975e+00
6.259999999999954490e+00;-1.000000000000000000e+00;2.770000000000000018e+00;6.244099999999972894e+00
6.279999999999954063e+00;-1.000000000000000000e+00;2.700000000000000178e+00;6.032849999999973178e+00
6.299999999999953637e+00;-1.000000000000000000e+00;2.649999999999999911e+00;5.805399999999973026e+00
6.319999999999953211e+00;-1.000000000000000000e+00;2.580000000000000071e+00;5.621749999999972047e+00
6.339999999999952784e+00;-1.000000000000000000e+00;2.520000000000000018e+00;5.438049999999972073e+00
6.359999999999952358e+00;-1.000000000000000000e+00;2.450000000000000178e+00;5.284299999999971575e+00
6.379999999999951932e+00;-1.000000000000000000e+00;2.390000000000000124e+00;5.130499999999972083e+00
6.399999999999951505e+00;-1.000000000000000000e+00;2.319999999999999840e+00;5.006649999999972955e+00
6.419999999999951079e+00;-1.000000000000000000e+00;2.250000000000000000e+00;4.898899999999972721e+00
6.439999999999950653e+00;-1.000000000000000000e+00;2.180000000000000160e+00;4.807249999999972268e+00
6.459999999999950226e+00;-1.000000000000000000e+00;2.120000000000000107e+00;4.715549999999971931e+00
6.479999999999949800e+00;-1.000000000000000000e+00;2.049999999999999822e+00;4.653799999999972847e+00
6.499999999999949374e+00;-1.000000000000000000e+00;1.979999999999999982e+00;4.608149999999972657e+00
6.519999999999948948e+00;-1.000000000000000000e+00;1.919999999999999929e+00;4.562449999999973471e+00
6.539999999999948521e+00;-1.000000000000000000e+00;1.850000000000000089e+00;4.546699999999972874e+00
6.559999999999948095e+00;-1.000000000000000000e+00;1.790000000000000036e+00;4.530899999999972394e+00
6.579999999999947669e+00;-1.000000000000000000e+00;1.729999999999999982e+00;4.528899999999973502e+00
6.599999999999947242e+00;-1.000000000000000000e+00;1.679999999999999938e+00;4.524549999999972982e+00
6.619999999999946816e+00;-1.000000000000000000e+00;1.620000000000000107e+00;4.547849999999972859e+00
6.639999999999946390e+00;-1.000000000000000000e+00;1.570000000000000062e+00;4.568799999999972883e+00
6.659999999999945963e+00;-1.000000000000000000e+00;1.530000000000000027e+00;4.585099999999973086e+00
6.679999999999945537e+00;-1.000000000000000000e+00;1.489999999999999991e+00;4.610599999999973164e+00
6.699999999999945111e+00;-1.000000000000000000e+00;1.449999999999999956e+00;4.645299999999973117e+00
6.719999999999944684e+00;-1.000000000000000000e+00;1.409999999999999920e+00;4.689199999999972945e+00
6.739999999999944258e+00;-1.000000000000000000e+00;1.389999999999999902e+00;4.709999999999973319e+00
6.759999999999943832e+00;-1.000000000000000000e+00;1.360000000000000098e+00;4.751549999999973295e+00
6.779999999999943405e+00;-1.000000000000000000e+00;1.340000000000000080e+00;4.783849999999972624e+00
6.799999999999942979e+00;-1.000000000000000000e+00;1.320000000000000062e+00;4.820749999999972779e+00
6.819999999999942553e+00;-1.000000000000000000e+00;1.320000000000000062e+00;4.829949999999972654e+00
6.839999999999942126e+00;-1.000000000000000000e+00;1.300000000000000044e+00;4.871449999999972746e+00
6.859999999999941700e+00;-1.000000000000000000e+00;1.300000000000000044e+00;4.885249999999972559e+00
6.879999999999941274e+00;-1.000000000000000000e+00;1.300000000000000044e+00;4.899049999999972371e+00
6.899999999999940847e+00;-1.000000000000000000e+00;1.300000000000000044e+00;4.912849999999972184e+00
6.919999999999940421e+00;-1.000000000000000000e+00;1.310000000000000053e+00;4.910499999999972331e+00
6.939999999999939995e+00;-1.000000000000000000e+00;1.300000000000000044e+00;4.938149999999971840e+00
6.959999999999939568e+00;-1.000000000000000000e+00;1.320000000000000062e+00;4.919649999999971435e+00
6.979999999999939142e+00;-1.000000000000000000e+00;1.310000000000000053e+00;4.944999999999971863e+00
6.999999999999938716e+00;-1.000000000000000000e+00;1.320000000000000062e+00;4.940349999999971153e+00
7.019999999999938289e+00;-1.000000000000000000e+00;1.330000000000000071e+00;4.933399999999971364e+00
7.039999999999937863e+00;-1.000000000000000000e+00;1.330000000000000071e+00;4.940299999999972158e+00
7.059999999999937437e+00;-1.000000000000000000e+00;1.340000000000000080e+00;4.931049999999972400e+00
7.079999999999937010e+00;-1.000000000000000000e+00;1.350000000000000089e+00;4.919499999999971784e+00
7.099999999999936584e+00;-1.000000000000000000e+00;1.350000000000000089e+00;4.921799999999971753e+00
7.119999999999936158e+00;-1.000000000000000000e+00;1.360000000000000098e+00;4.907949999999971169e+00
7.139999999999935731e+00;-1.000000000000000000e+00;1.360000000000000098e+00;4.907949999999971169e+00
7.159999999999935305e+00;-1.000000000000000000e+00;1.360000000000000098e+00;4.907949999999971169e+00
7.179999999999934879e+00;-1.000000000000000000e+00;1.370000000000000107e+00;4.891799999999971504e+00
7.199999999999934452e+00;-1.000000000000000000e+00;1.370000000000000107e+00;4.889499999999971536e+00
7.219999999999934026e+00;-1.000000000000000000e+00;1.370000000000000107e+00;4.887199999999970679e+00
7.239999999999933600e+00;-1.000000000000000000e+00;1.379999999999999893e+00;4.868749999999970157e+00
7.259999999999933173e+00;-1.000000000000000000e+00;1.370000000000000107e+00;4.880299999999969884e+00
7.279999999999932747e+00;-1.000000000000000000e+00;1.370000000000000107e+00;4.877999999999969916e+00
7.299999999999932321e+00;-1.000000000000000000e+00;1.379999999999999893e+00;4.859549999999969394e+00
7.319999999999931894e+00;-1.000000000000000000e+00;1.379999999999999893e+00;4.854949999999968568e+00
7.339999999999931468e+00;-1.000000000000000000e+00;1.370000000000000107e+00;4.866499999999968296e+00
7.359999999999931042e+00;-1.000000000000000000e+00;1.379999999999999893e+00;4.848049999999968662e+00
7.379999999999930616e+00;-1.000000000000000000e+00;1.370000000000000107e+00;4.859599999999967501e+00
7.399999999999930189e+00;-1.000000000000000000e+00;1.370000000000000107e+00;4.857299999999966644e+00
7.419999999999929763e+00;-1.000000000000000000e+00;1.370000000000000107e+00;4.854999999999966676e+00
7.439999999999929337e+00;-1.000000000000000000e+00;1.370000000000000107e+00;4.852699999999966707e+00
7.459999999999928910e+00;-1.000000000000000000e+00;1.379999999999999893e+00;4.834249999999966185e+00
7.479999999999928484e+00;-1.000000000000000000e+00;1.370000000000000107e+00;4.845799999999965024e+00
7.499999999999928058e+00;-1.000000000000000000e+00;1.360000000000000098e+00;4.859649999999964720e+00
7.519999999999927631e+00;-1.000000000000000000e+00;1.370000000000000107e+00;4.843499999999965056e+00
7.539999999999927205e+00;-1.000000000000000000e+00;1.360000000000000098e+00;4.857349999999964751e+00
7.559999999999926779e+00;-1.000000000000000000e+00;1.360000000000000098e+00;4.857349999999964751e+00
7.579999999999926352e+00;-1.000000000000000000e+00;1.350000000000000089e+00;4.873499999999964416e+00
7.599999999999925926e+00;-1.000000000000000000e+00;1.350000000000000089e+00;4.875799999999964385e+00
7.619999999999925500e+00;-1.000000000000000000e+00;1.360000000000000098e+00;4.861949999999964689e+00
7.639999999999925073e+00;-1.000000000000000000e+00;1.360000000000000098e+00;4.861949999999964689e+00
7.659999999999924647e+00;-1.000000000000000000e+00;1.360000000000000098e+00;4.861949999999964689e+00
7.679999999999924221e+00;-1.000000000000000000e+00;1.370000000000000107e+00;4.845799999999965024e+00
7.699999999999923794e+00;-1.000000000000000000e+00;1.350000000000000089e+00;4.875799999999964385e+00
7.719999999999923368e+00;-1.000000000000000000e+00;1.360000000000000098e+00;4.861949999999964689e+00
7.739999999999922942e+00;-1.000000000000000000e+00;1.360000000000000098e+00;4.861949999999964689e+00
7.759999999999922515e+00;-1.000000000000000000e+00;1.360000000000000098e+00;4.861949999999964689e+00
7.779999999999922089e+00;-1.000000000000000000e+00;1.360000000000000098e+00;4.861949999999964689e+00
7.799999999999921663e+00;-1.000000000000000000e+00;1.360000000000000098e+00;4.861949999999964689e+00
7.819999999999921236e+00;-1.000000000000000000e+00;1.360000000000000098e+00;4.861949999999964689e+00
7.839999999999920810e+00;-1.000000000000000000e+00;1.370000000000000107e+00;4.845799999999964136e+00
7.859999999999920384e+00;-1.000000000000000000e+00;1.360000000000000098e+00;4.859649999999963832e+00
7.879999999999919957e+00;-1.000000000000000000e+00;1.360000000000000098e+00;4.859649999999963832e+00
7.899999999999919531e+00;-1.000000000000000000e+00;1.370000000000000107e+00;4.843499999999963279e+00
7.919999999999919105e+00;-1.000000000000000000e+00;1.360000000000000098e+00;4.857349999999962975e+00
7.939999999999918678e+00;-1.000000000000000000e+00;1.360000000000000098e+00;4.857349999999962975e+00
7.959999999999918252e+00;-1.000000000000000000e+00;1.370000000000000107e+00;4.841199999999963310e+00
7.979999999999917826e+00;-1.000000000000000000e+00;1.360000000000000098e+00;4.855049999999963006e+00
7.999999999999917399e+00;1.000000000000000000e+00;1.370000000000000107e+00;8.068899999999961992e+00
8.019999999999917861e+00;1.000000000000000000e+00;1.370000000000000107e+00;8.526599999999962876e+00
8.039999999999917435e+00;1.000000000000000000e+00;1.389999999999999902e+00;8.951999999999962654e+00
8.059999999999917009e+00;1.000000000000000000e+00;1.479999999999999982e+00;9.259749999999963066e+00
8.079999999999916582e+00;1.000000000000000000e+00;1.580000000000000071e+00;9.530649999999962318e+00
8.099999999999916156e+00;1.000000000000000000e+00;1.709999999999999964e+00;9.730099999999962890e+00
8.119999999999915730e+00;1.000000000000000000e+00;1.830000000000000071e+00;9.915799999999961756e+00
8.139999999999915303e+00;1.000000000000000000e+00;1.969999999999999973e+00;1.004159999999996344e+01
8.159999999999914877e+00;1.000000000000000000e+00;2.089999999999999858e+00;1.016749999999996312e+01
8.179999999999914451e+00;1.000000000000000000e+00;2.200000000000000178e+00;1.028194999999996284e+01
8.199999999999914024e+00;1.000000000000000000e+00;2.299999999999999822e+00;1.038724999999996257e+01
8.219999999999913598e+00;1.000000000000000000e+00;2.410000000000000142e+00;1.045339999999996294e+01
8.239999999999913172e+00;1.000000000000000000e+00;2.479999999999999982e+00;1.055884999999996232e+01
8.259999999999912745e+00;1.000000000000000000e+00;2.569999999999999840e+00;1.061589999999996259e+01
8.279999999999912319e+00;1.000000000000000000e+00;2.640000000000000124e+00;1.068454999999996247e+01
8.299999999999911893e+00;1.000000000000000000e+00;2.709999999999999964e+00;1.073709999999996256e+01
8.319999999999911466e+00;1.000000000000000000e+00;2.740000000000000213e+00;1.083814999999996331e+01
8.339999999999911040e+00;1.000000000000000000e+00;2.790000000000000036e+00;1.089999999999996305e+01
8.359999999999910614e+00;1.000000000000000000e+00;2.819999999999999840e+00;1.098264999999996405e+01
8.379999999999910187e+00;1.000000000000000000e+00;2.850000000000000089e+00;1.105839999999996337e+01
8.399999999999909761e+00;1.000000000000000000e+00;2.879999999999999893e+00;1.112724999999996456e+01
8.419999999999909335e+00;1.000000000000000000e+00;2.899999999999999911e+00;1.120534999999996373e+01
8.439999999999908908e+00;1.000000000000000000e+00;2.930000000000000160e+00;1.126269999999996330e+01
8.459999999999908482e+00;1.000000000000000000e+00;2.939999999999999947e+00;1.134544999999996406e+01
8.479999999999908056e+00;1.000000000000000000e+00;2.970000000000000195e+00;1.139359999999996376e+01
8.499999999999907629e+00;1.000000000000000000e+00;2.990000000000000213e+00;1.145099999999996143e+01
8.519999999999907203e+00;1.000000000000000000e+00;2.990000000000000213e+00;1.153609999999996205e+01
8.539999999999906777e+00;1.000000000000000000e+00;3.009999999999999787e+00;1.158889999999996334e+01
8.559999999999906350e+00;1.000000000000000000e+00;3.020000000000000018e+00;1.165324999999996258e+01
8.579999999999905924e+00;1.000000000000000000e+00;3.029999999999999805e+00;1.171529999999996363e+01
8.599999999999905498e+00;1.000000000000000000e+00;3.040000000000000036e+00;1.177504999999996471e+01
8.619999999999905071e+00;1.000000000000000000e+00;3.049999999999999822e+00;1.183249999999996405e+01
8.639999999999904645e+00;1.000000000000000000e+00;3.049999999999999822e+00;1.190379999999996485e+01
8.659999999999904219e+00;1.000000000000000000e+00;3.069999999999999840e+00;1.194279999999996278e+01
8.679999999999903793e+00;1.000000000000000000e+00;3.080000000000000071e+00;1.199334999999996398e+01
8.699999999999903366e+00;1.000000000000000000e+00;3.080000000000000071e+00;1.205774999999996311e+01
8.719999999999902940e+00;1.000000000000000000e+00;3.089999999999999858e+00;1.210599999999996257e+01
8.739999999999902514e+00;1.000000000000000000e+00;3.100000000000000089e+00;1.215194999999996384e+01
8.759999999999902087e+00;1.000000000000000000e+00;3.109999999999999876e+00;1.219559999999996336e+01
8.779999999999901661e+00;1.000000000000000000e+00;3.109999999999999876e+00;1.225309999999996080e+01
8.799999999999901235e+00;1.000000000000000000e+00;3.120000000000000107e+00;1.229444999999996213e+01
8.819999999999900808e+00;1.000000000000000000e+00;3.129999999999999893e+00;1.233349999999996172e+01
8.839999999999900382e+00;1.000000000000000000e+00;3.129999999999999893e+00;1.238639999999996277e+01
8.859999999999899956e+00;1.000000000000000000e+00;3.129999999999999893e+00;1.243929999999996205e+01
8.879999999999899529e+00;1.000000000000000000e+00;3.129999999999999893e+00;1.249219999999996134e+01
8.899999999999899103e+00;1.000000000000000000e+00;3.149999999999999911e+00;1.251279999999996306e+01
8.919999999999898677e+00;1.000000000000000000e+00;3.160000000000000142e+00;1.254494999999996097e+01
8.939999999999898250e+00;1.000000000000000000e+00;3.160000000000000142e+00;1.259094999999996212e+01
8.959999999999897824e+00;1.000000000000000000e+00;3.160000000000000142e+00;1.263694999999996327e+01
8.979999999999897398e+00;1.000000000000000000e+00;3.169999999999999929e+00;1.266679999999996298e+01
8.999999999999896971e+00;1.000000000000000000e+00;3.169999999999999929e+00;1.271049999999996416e+01
9.019999999999896545e+00;1.000000000000000000e+00;3.180000000000000160e+00;1.273804999999996213e+01
9.039999999999896119e+00;1.000000000000000000e+00;3.180000000000000160e+00;1.277944999999996156e+01
9.059999999999895692e+00;1.000000000000000000e+00;3.169999999999999929e+00;1.283699999999996244e+01
9.079999999999895266e+00;1.000000000000000000e+00;3.169999999999999929e+00;1.288069999999996185e+01
9.099999999999894840e+00;1.000000000000000000e+00;3.180000000000000160e+00;1.290824999999996336e+01
9.119999999999894413e+00;1.000000000000000000e+00;3.189999999999999947e+00;1.293349999999996314e+01
9.139999999999893987e+00;1.000000000000000000e+00;3.200000000000000178e+00;1.295644999999996116e+01
9.159999999999893561e+00;1.000000000000000000e+00;3.200000000000000178e+00;1.299324999999996066e+01
9.179999999999893134e+00;1.000000000000000000e+00;3.200000000000000178e+00;1.303004999999996016e+01
9.199999999999892708e+00;1.000000000000000000e+00;3.200000000000000178e+00;1.306684999999995966e+01
9.219999999999892282e+00;1.000000000000000000e+00;3.209999999999999964e+00;1.308749999999995950e+01
9.239999999999891855e+00;1.000000000000000000e+00;3.209999999999999964e+00;1.312199999999996081e+01
9.259999999999891429e+00;1.000000000000000000e+00;3.220000000000000195e+00;1.314034999999995890e+01
9.279999999999891003e+00;1.000000000000000000e+00;3.220000000000000195e+00;1.317254999999996024e+01
9.299999999999890576e+00;1.000000000000000000e+00;3.220000000000000195e+00;1.320474999999996157e+01
9.319999999999890150e+00;1.000000000000000000e+00;3.209999999999999964e+00;1.325309999999996080e+01
9.339999999999889724e+00;1.000000000000000000e+00;3.220000000000000195e+00;1.327144999999996067e+01
9.359999999999889297e+00;1.000000000000000000e+00;3.220000000000000195e+00;1.330364999999996201e+01
9.379999999999888871e+00;1.000000000000000000e+00;3.220000000000000195e+00;1.333584999999996157e+01
9.399999999999888445e+00;1.000000000000000000e+00;3.220000000000000195e+00;1.336804999999996113e+01
9.419999999999888018e+00;1.000000000000000000e+00;3.220000000000000195e+00;1.340024999999996247e+01
9.439999999999887592e+00;1.000000000000000000e+00;3.220000000000000195e+00;1.343244999999996381e+01
9.459999999999887166e+00;1.000000000000000000e+00;3.220000000000000195e+00;1.346464999999996337e+01
9.479999999999886739e+00;1.000000000000000000e+00;3.229999999999999982e+00;1.348069999999996327e+01
9.499999999999886313e+00;1.000000000000000000e+00;3.240000000000000213e+00;1.349444999999996497e+01
9.519999999999885887e+00;1.000000000000000000e+00;3.240000000000000213e+00;1.352204999999996460e+01
9.539999999999885461e+00;1.000000000000000000e+00;3.240000000000000213e+00;1.354964999999996422e+01
9.559999999999885034e+00;1.000000000000000000e+00;3.250000000000000000e+00;1.356109999999996418e+01
9.579999999999884608e+00;1.000000000000000000e+00;3.240000000000000213e+00;1.360254999999996173e+01
9.599999999999884182e+00;1.000000000000000000e+00;3.240000000000000213e+00;1.363014999999996135e+01
9.619999999999883755e+00;1.000000000000000000e+00;3.240000000000000213e+00;1.365774999999996098e+01
9.639999999999883329e+00;1.000000000000000000e+00;3.250000000000000000e+00;1.366919999999996094e+01
9.659999999999882903e+00;1.000000000000000000e+00;3.250000000000000000e+00;1.369449999999996237e+01
9.679999999999882476e+00;1.000000000000000000e+00;3.259999999999999787e+00;1.370364999999996058e+01
9.699999999999882050e+00;1.000000000000000000e+00;3.259999999999999787e+00;1.372664999999996027e+01
9.719999999999881624e+00;1.000000000000000000e+00;3.270000000000000018e+00;1.373349999999996029e+01
9.739999999999881197e+00;1.000000000000000000e+00;3.270000000000000018e+00;1.375419999999996001e+01
9.759999999999880771e+00;1.000000000000000000e+00;3.270000000000000018e+00;1.377489999999995973e+01
9.779999999999880345e+00;1.000000000000000000e+00;3.270000000000000018e+00;1.379559999999995945e+01
9.799999999999879918e+00;1.000000000000000000e+00;3.270000000000000018e+00;1.381629999999995917e+01
9.819999999999879492e+00;1.000000000000000000e+00;3.270000000000000018e+00;1.383699999999995889e+01
9.839999999999879066e+00;1.000000000000000000e+00;3.270000000000000018e+00;1.385769999999995861e+01
9.859999999999878639e+00;1.000000000000000000e+00;3.270000000000000018e+00;1.387839999999995833e+01
9.879999999999878213e+00;1.000000000000000000e+00;3.279999999999999805e+00;1.388294999999995838e+01
9.899999999999877787e+00;1.000000000000000000e+00;3.279999999999999805e+00;1.390134999999995813e+01
9.919999999999877360e+00;1.000000000000000000e+00;3.270000000000000018e+00;1.393589999999995754e+01
9.939999999999876934e+00;1.000000000000000000e+00;3.279999999999999805e+00;1.394044999999995760e+01
9.959999999999876508e+00;1.000000000000000000e+00;3.279999999999999805e+00;1.395884999999995735e+01
9.979999999999876081e+00;1.000000000000000000e+00;3.290000000000000036e+00;1.396109999999995566e+01
9.999999999999875655e+00;-1.000000000000000000e+00;3.279999999999999805e+00;1.076334999999995645e+01
1.001999999999987523e+01;-1.000000000000000000e+00;3.290000000000000036e+00;1.030559999999995568e+01
1.003999999999987480e+01;-1.000000000000000000e+00;3.279999999999999805e+00;9.877849999999956054e+00
1.005999999999987438e+01;-1.000000000000000000e+00;3.259999999999999787e+00;9.468549999999957834e+00
1.007999999999987395e+01;-1.000000000000000000e+00;3.220000000000000195e+00;9.096149999999955327e+00
1.009999999999987352e+01;-1.000000000000000000e+00;3.189999999999999947e+00;8.716799999999956583e+00
1.011999999999987310e+01;-1.000000000000000000e+00;3.149999999999999911e+00;8.360499999999957410e+00
1.013999999999987267e+01;-1.000000000000000000e+00;3.100000000000000089e+00;8.029549999999957777e+00
1.015999999999987224e+01;-1.000000000000000000e+00;3.049999999999999822e+00;7.710099999999957987e+00
1.017999999999987182e+01;-1.000000000000000000e+00;3.020000000000000018e+00;7.369849999999956935e+00
1.019999999999987139e+01;-1.000000000000000000e+00;2.970000000000000195e+00;7.068799999999956896e+00
1.021999999999987097e+01;-1.000000000000000000e+00;2.910000000000000142e+00;6.795399999999956364e+00
1.023999999999987054e+01;-1.000000000000000000e+00;2.850000000000000089e+00;6.535799999999957421e+00
1.025999999999987011e+01;-1.000000000000000000e+00;2.799999999999999822e+00;6.273849999999956850e+00
1.027999999999986969e+01;-1.000000000000000000e+00;2.740000000000000213e+00;6.039549999999956675e+00
1.029999999999986926e+01;-1.000000000000000000e+00;2.680000000000000160e+00;5.819049999999957201e+00
1.031999999999986883e+01;-1.000000000000000000e+00;2.620000000000000107e+00;5.612349999999957539e+00
1.033999999999986841e+01;-1.000000000000000000e+00;2.560000000000000053e+00;5.419449999999956802e+00
1.035999999999986798e+01;-1.000000000000000000e+00;2.479999999999999982e+00;5.272649999999957871e+00
1.037999999999986755e+01;-1.000000000000000000e+00;2.430000000000000160e+00;5.095799999999957031e+00
1.039999999999986713e+01;-1.000000000000000000e+00;2.350000000000000089e+00;4.978899999999956805e+00
1.041999999999986670e+01;-1.000000000000000000e+00;2.290000000000000036e+00;4.848099999999956111e+00
1.043999999999986628e+01;-1.000000000000000000e+00;2.229999999999999982e+00;4.731099999999956118e+00
1.045999999999986585e+01;-1.000000000000000000e+00;2.149999999999999911e+00;4.660199999999956155e+00
1.047999999999986542e+01;-1.000000000000000000e+00;2.080000000000000071e+00;4.591549999999956277e+00
1.049999999999986500e+01;-1.000000000000000000e+00;2.009999999999999787e+00;4.538999999999957069e+00
1.051999999999986457e+01;-1.000000000000000000e+00;1.929999999999999938e+00;4.518699999999956418e+00
1.053999999999986414e+01;-1.000000000000000000e+00;1.870000000000000107e+00;4.484499999999956188e+00
1.055999999999986372e+01;-1.000000000000000000e+00;1.800000000000000044e+00;4.480249999999956323e+00
1.057999999999986329e+01;-1.000000000000000000e+00;1.739999999999999991e+00;4.475949999999956574e+00
1.059999999999986287e+01;-1.000000000000000000e+00;1.669999999999999929e+00;4.501599999999956303e+00
1.061999999999986244e+01;-1.000000000000000000e+00;1.620000000000000107e+00;4.511049999999956484e+00
1.063999999999986201e+01;-1.000000000000000000e+00;1.570000000000000062e+00;4.531999999999955620e+00
1.065999999999986159e+01;-1.000000000000000000e+00;1.520000000000000018e+00;4.564449999999955487e+00
1.067999999999986116e+01;-1.000000000000000000e+00;1.479999999999999982e+00;4.592249999999955534e+00
1.069999999999986073e+01;-1.000000000000000000e+00;1.439999999999999947e+00;4.629249999999956344e+00
1.071999999999986031e+01;-1.000000000000000000e+00;1.409999999999999920e+00;4.659299999999955588e+00
1.073999999999985988e+01;-1.000000000000000000e+00;1.370000000000000107e+00;4.712399999999956179e+00
1.075999999999985945e+01;-1.000000000000000000e+00;1.350000000000000089e+00;4.742399999999955540e+00
1.077999999999985903e+01;-1.000000000000000000e+00;1.330000000000000071e+00;4.776999999999955726e+00
1.079999999999985860e+01;-1.000000000000000000e+00;1.320000000000000062e+00;4.800049999999956185e+00
1.081999999999985818e+01;-1.000000000000000000e+00;1.300000000000000044e+00;4.841549999999955389e+00
1.083999999999985775e+01;-1.000000000000000000e+00;1.300000000000000044e+00;4.855349999999955202e+00
1.085999999999985732e+01;-1.000000000000000000e+00;1.300000000000000044e+00;4.869149999999955014e+00
1.087999999999985690e+01;-1.000000000000000000e+00;1.300000000000000044e+00;4.882949999999954827e+00
1.089999999999985647e+01;-1.000000000000000000e+00;1.300000000000000044e+00;4.896749999999954639e+00
1.091999999999985604e+01;-1.000000000000000000e+00;1.300000000000000044e+00;4.910549999999954451e+00
1.093999999999985562e+01;-1.000000000000000000e+00;1.300000000000000044e+00;4.924349999999954264e+00
1.095999999999985519e+01;-1.000000000000000000e+00;1.300000000000000044e+00;4.938149999999954076e+00
1.097999999999985477e+01;-1.000000000000000000e+00;1.310000000000000053e+00;4.935799999999954224e+00
1.099999999999985434e+01;-1.000000000000000000e+00;1.310000000000000053e+00;4.947299999999954068e+00
1.101999999999985391e+01;-1.000000000000000000e+00;1.330000000000000071e+00;4.926499999999954582e+00
1.103999999999985349e+01;-1.000000000000000000e+00;1.330000000000000071e+00;4.933399999999954488e+00
1.105999999999985306e+01;-1.000000000000000000e+00;1.330000000000000071e+00;4.940299999999954395e+00
1.107999999999985263e+01;-1.000000000000000000e+00;1.350000000000000089e+00;4.914899999999954971e+00
1.109999999999985221e+01;-1.000000000000000000e+00;1.360000000000000098e+00;4.901049999999955276e+00
1.111999999999985178e+01;-1.000000000000000000e+00;1.350000000000000089e+00;4.917199999999954940e+00
1.113999999999985135e+01;-1.000000000000000000e+00;1.370000000000000107e+00;4.887199999999954692e+00
1.115999999999985093e+01;-1.000000000000000000e+00;1.370000000000000107e+00;4.884899999999953835e+00
1.117999999999985050e+01;-1.000000000000000000e+00;1.370000000000000107e+00;4.882599999999953866e+00
1.119999999999985008e+01;-1.000000000000000000e+00;1.370000000000000107e+00;4.880299999999953897e+00
1.121999999999984965e+01;-1.000000000000000000e+00;1.379999999999999893e+00;4.861849999999953376e+00
1.123999999999984922e+01;-1.000000000000000000e+00;1.379999999999999893e+00;4.857249999999952550e+00
1.125999999999984880e+01;-1.000000000000000000e+00;1.379999999999999893e+00;4.852649999999952612e+00
1.127999999999984837e+01;-1.000000000000000000e+00;1.379999999999999893e+00;4.848049999999952675e+00
1.129999999999984794e+01;-1.000000000000000000e+00;1.379999999999999893e+00;4.843449999999951849e+00
1.131999999999984752e+01;-1.000000000000000000e+00;1.379999999999999893e+00;4.838849999999951024e+00
1.133999999999984709e+01;-1.000000000000000000e+00;1.379999999999999893e+00;4.834249999999951086e+00
1.135999999999984666e+01;-1.000000000000000000e+00;1.379999999999999893e+00;4.829649999999951149e+00
1.137999999999984624e+01;-1.000000000000000000e+00;1.379999999999999893e+00;4.825049999999950323e+00
1.139999999999984581e+01;-1.000000000000000000e+00;1.360000000000000098e+00;4.852749999999949715e+00
1.141999999999984539e+01;-1.000000000000000000e+00;1.370000000000000107e+00;4.836599999999949162e+00
1.143999999999984496e+01;-1.000000000000000000e+00;1.360000000000000098e+00;4.850449999999948858e+00
1.145999999999984453e+01;-1.000000000000000000e+00;1.360000000000000098e+00;4.850449999999948858e+00
1.147999999999984411e+01;-1.000000000000000000e+00;1.350000000000000089e+00;4.866599999999949411e+00
1.149999999999984368e+01;-1.000000000000000000e+00;1.350000000000000089e+00;4.868899999999949380e+00
1.151999999999984325e+01;-1.000000000000000000e+00;1.340000000000000080e+00;4.887349999999949901e+00
1.153999999999984283e+01;-1.000000000000000000e+00;1.350000000000000089e+00;4.875799999999949286e+00
1.155999999999984240e+01;-1.000000000000000000e+00;1.340000000000000080e+00;4.894249999999949807e+00
1.157999999999984198e+01;-1.000000000000000000e+00;1.350000000000000089e+00;4.882699999999949192e+00
1.159999999999984155e+01;-1.000000000000000000e+00;1.350000000000000089e+00;4.884999999999949161e+00
1.161999999999984112e+01;-1.000000000000000000e+00;1.350000000000000089e+00;4.887299999999949129e+00
1.163999999999984070e+01;-1.000000000000000000e+00;1.360000000000000098e+00;4.873449999999948545e+00
1.165999999999984027e+01;-1.000000000000000000e+00;1.360000000000000098e+00;4.873449999999948545e+00
1.167999999999983984e+01;-1.000000000000000000e+00;1.360000000000000098e+00;4.873449999999948545e+00
1.169999999999983942e+01;-1.000000000000000000e+00;1.360000000000000098e+00;4.873449999999948545e+00
1.171999999999983899e+01;-1.000000000000000000e+00;1.350000000000000089e+00;4.889599999999949098e+00
1.173999999999983856e+01;-1.000000000000000000e+00;1.360000000000000098e+00;4.875749999999948514e+00
1.175999999999983814e+01;-1.000000000000000000e+00;1.360000000000000098e+00;4.875749999999948514e+00
1.177999999999983771e+01;-1.000000000000000000e+00;1.350000000000000089e+00;4.891899999999949067e+00
1.179999999999983729e+01;-1.000000000000000000e+00;1.370000000000000107e+00;4.861899999999948818e+00
1.181999999999983686e+01;-1.000000000000000000e+00;1.370000000000000107e+00;4.859599999999948849e+00
1.183999999999983643e+01;-1.000000000000000000e+00;1.360000000000000098e+00;4.873449999999948545e+00
1.185999999999983601e+01;-1.000000000000000000e+00;1.370000000000000107e+00;4.857299999999947993e+00
1.187999999999983558e+01;-1.000000000000000000e+00;1.370000000000000107e+00;4.854999999999947136e+00
1.189999999999983515e+01;-1.000000000000000000e+00;1.370000000000000107e+00;4.852699999999947167e+00
1.191999999999983473e+01;-1.000000000000000000e+00;1.370000000000000107e+00;4.850399999999947198e+00
1.193999999999983430e+01;-1.000000000000000000e+00;1.370000000000000107e+00;4.848099999999946341e+00
1.195999999999983388e+01;-1.000000000000000000e+00;1.370000000000000107e+00;4.845799999999945484e+00
1.197999999999983345e+01;-1.000000000000000000e+00;1.370000000000000107e+00;4.843499999999945516e+00
1.199999999999983302e+01;1.000000000000000000e+00;1.360000000000000098e+00;8.087349999999945638e+00
1.201999999999983260e+01;1.000000000000000000e+00;1.360000000000000098e+00;8.547349999999944714e+00
1.203999999999983217e+01;1.000000000000000000e+00;1.399999999999999911e+00;8.942749999999946908e+00
1.205999999999983174e+01;1.000000000000000000e+00;1.459999999999999964e+00;9.296649999999946345e+00
1.207999999999983132e+01;1.000000000000000000e+00;1.580000000000000071e+00;9.539849999999944430e+00
1.209999999999983089e+01;1.000000000000000000e+00;1.699999999999999956e+00;9.755449999999946442e+00
1.211999999999983046e+01;1.000000000000000000e+00;1.830000000000000071e+00;9.927299999999945612e+00
1.213999999999983004e+01;1.000000000000000000e+00;1.959999999999999964e+00;1.006924999999994697e+01
1.215999999999982961e+01;1.000000000000000000e+00;2.080000000000000071e+00;1.019744999999994661e+01
1.217999999999982919e+01;1.000000000000000000e+00;2.209999999999999964e+00;1.028189999999994519e+01
1.219999999999982876e+01;1.000000000000000000e+00;2.310000000000000053e+00;1.038489999999994495e+01
1.221999999999982833e+01;1.000000000000000000e+00;2.390000000000000124e+00;1.049719999999994613e+01
1.223999999999982791e+01;1.000000000000000000e+00;2.490000000000000213e+00;1.055879999999994467e+01
1.225999999999982748e+01;1.000000000000000000e+00;2.569999999999999840e+00;1.062969999999994641e+01
1.227999999999982705e+01;1.000000000000000000e+00;2.629999999999999893e+00;1.071449999999994418e+01
1.229999999999982663e+01;1.000000000000000000e+00;2.680000000000000160e+00;1.080164999999994535e+01
1.231999999999982620e+01;1.000000000000000000e+00;2.740000000000000213e+00;1.086114999999994524e+01
1.233999999999982577e+01;1.000000000000000000e+00;2.779999999999999805e+00;1.093914999999994464e+01
1.235999999999982535e+01;1.000000000000000000e+00;2.819999999999999840e+00;1.100794999999994417e+01
1.237999999999982492e+01;1.000000000000000000e+00;2.850000000000000089e+00;1.108369999999994349e+01
1.239999999999982450e+01;1.000000000000000000e+00;2.879999999999999893e+00;1.115254999999994467e+01
1.241999999999982407e+01;1.000000000000000000e+00;2.899999999999999911e+00;1.123064999999994384e+01
1.243999999999982364e+01;1.000000000000000000e+00;2.919999999999999929e+00;1.130414999999994308e+01
1.245999999999982322e+01;1.000000000000000000e+00;2.939999999999999947e+00;1.137304999999994415e+01
1.247999999999982279e+01;1.000000000000000000e+00;2.959999999999999964e+00;1.143734999999994528e+01
1.249999999999982236e+01;1.000000000000000000e+00;2.979999999999999982e+00;1.149704999999994470e+01
1.251999999999982194e+01;1.000000000000000000e+00;3.000000000000000000e+00;1.155214999999994419e+01
1.253999999999982151e+01;1.000000000000000000e+00;3.000000000000000000e+00;1.163494999999994306e+01
1.255999999999982109e+01;1.000000000000000000e+00;3.009999999999999787e+00;1.170159999999994405e+01
1.257999999999982066e+01;1.000000000000000000e+00;3.029999999999999805e+00;1.174979999999994362e+01
1.259999999999982023e+01;1.000000000000000000e+00;3.029999999999999805e+00;1.182569999999994437e+01
1.261999999999981981e+01;1.000000000000000000e+00;3.040000000000000036e+00;1.188544999999994545e+01
1.263999999999981938e+01;1.000000000000000000e+00;3.069999999999999840e+00;1.191059999999994545e+01
1.265999999999981895e+01;1.000000000000000000e+00;3.060000000000000053e+00;1.199344999999994599e+01
1.267999999999981853e+01;1.000000000000000000e+00;3.069999999999999840e+00;1.204629999999994538e+01
1.269999999999981810e+01;1.000000000000000000e+00;3.069999999999999840e+00;1.211299999999994625e+01
1.271999999999981767e+01;1.000000000000000000e+00;3.089999999999999858e+00;1.214739999999994424e+01
1.273999999999981725e+01;1.000000000000000000e+00;3.100000000000000089e+00;1.219334999999994551e+01
1.275999999999981682e+01;1.000000000000000000e+00;3.100000000000000089e+00;1.225314999999994470e+01
1.277999999999981640e+01;1.000000000000000000e+00;3.109999999999999876e+00;1.229679999999994422e+01
1.279999999999981597e+01;1.000000000000000000e+00;3.120000000000000107e+00;1.233814999999994200e+01
1.281999999999981554e+01;1.000000000000000000e+00;3.120000000000000107e+00;1.239334999999994302e+01
1.283999999999981512e+01;1.000000000000000000e+00;3.120000000000000107e+00;1.244854999999994405e+01
1.285999999999981469e+01;1.000000000000000000e+00;3.129999999999999893e+00;1.248759999999994363e+01
1.287999999999981426e+01;1.000000000000000000e+00;3.140000000000000124e+00;1.252434999999994325e+01
1.289999999999981384e+01;1.000000000000000000e+00;3.149999999999999911e+00;1.255879999999994467e+01
1.291999999999981341e+01;1.000000000000000000e+00;3.140000000000000124e+00;1.262324999999994368e+01
1.293999999999981299e+01;1.000000000000000000e+00;3.149999999999999911e+00;1.265769999999994511e+01
1.295999999999981256e+01;1.000000000000000000e+00;3.160000000000000142e+00;1.268984999999994301e+01
1.297999999999981213e+01;1.000000000000000000e+00;3.160000000000000142e+00;1.273584999999994416e+01
1.299999999999981171e+01;1.000000000000000000e+00;3.169999999999999929e+00;1.276569999999994565e+01
1.301999999999981128e+01;1.000000000000000000e+00;3.169999999999999929e+00;1.280939999999994505e+01
1.303999999999981085e+01;1.000000000000000000e+00;3.180000000000000160e+00;1.283694999999994479e+01
1.305999999999981043e+01;1.000000000000000000e+00;3.169999999999999929e+00;1.289449999999994390e+01
1.307999999999981000e+01;1.000000000000000000e+00;3.180000000000000160e+00;1.292204999999994541e+01
1.309999999999980957e+01;1.000000000000000000e+00;3.189999999999999947e+00;1.294729999999994519e+01
1.311999999999980915e+01;1.000000000000000000e+00;3.180000000000000160e+00;1.300254999999994254e+01
1.313999999999980872e+01;1.000000000000000000e+00;3.189999999999999947e+00;1.302779999999994232e+01
1.315999999999980830e+01;1.000000000000000000e+00;3.189999999999999947e+00;1.306689999999994356e+01
1.317999999999980787e+01;1.000000000000000000e+00;3.200000000000000178e+00;1.308984999999994159e+01
1.319999999999980744e+01;1.000000000000000000e+00;3.209999999999999964e+00;1.311049999999994142e+01
1.321999999999980702e+01;1.000000000000000000e+00;3.209999999999999964e+00;1.314499999999994273e+01
1.323999999999980659e+01;1.000000000000000000e+00;3.220000000000000195e+00;1.316334999999994082e+01
1.325999999999980616e+01;1.000000000000000000e+00;3.220000000000000195e+00;1.319554999999994216e+01
1.327999999999980574e+01;1.000000000000000000e+00;3.220000000000000195e+00;1.322774999999994350e+01
1.329999999999980531e+01;1.000000000000000000e+00;3.220000000000000195e+00;1.325994999999994306e+01
1.331999999999980488e+01;1.000000000000000000e+00;3.220000000000000195e+00;1.329214999999994262e+01
1.333999999999980446e+01;1.000000000000000000e+00;3.229999999999999982e+00;1.330819999999994430e+01
1.335999999999980403e+01;1.000000000000000000e+00;3.240000000000000213e+00;1.332194999999994423e+01
1.337999999999980361e+01;1.000000000000000000e+00;3.240000000000000213e+00;1.334954999999994385e+01
1.339999999999980318e+01;1.000000000000000000e+00;3.240000000000000213e+00;1.337714999999994347e+01
1.341999999999980275e+01;1.000000000000000000e+00;3.240000000000000213e+00;1.340474999999994310e+01
1.343999999999980233e+01;1.000000000000000000e+00;3.229999999999999982e+00;1.344849999999994239e+01
1.345999999999980190e+01;1.000000000000000000e+00;3.240000000000000213e+00;1.346224999999994409e+01
1.347999999999980147e+01;1.000000000000000000e+00;3.240000000000000213e+00;1.348984999999994372e+01
1.349999999999980105e+01;1.000000000000000000e+00;3.250000000000000000e+00;1.350129999999994368e+01
1.351999999999980062e+01;1.000000000000000000e+00;3.250000000000000000e+00;1.352659999999994156e+01
1.353999999999980020e+01;1.000000000000000000e+00;3.250000000000000000e+00;1.355189999999994299e+01
1.355999999999979977e+01;1.000000000000000000e+00;3.250000000000000000e+00;1.357719999999994087e+01
1.357999999999979934e+01;1.000000000000000000e+00;3.250000000000000000e+00;1.360249999999994230e+01
1.359999999999979892e+01;1.000000000000000000e+00;3.240000000000000213e+00;1.364394999999993985e+01
1.361999999999979849e+01;1.000000000000000000e+00;3.240000000000000213e+00;1.367154999999993947e+01
1.363999999999979806e+01;1.000000000000000000e+00;3.250000000000000000e+00;1.368299999999993943e+01
1.365999999999979764e+01;1.000000000000000000e+00;3.250000000000000000e+00;1.370829999999994087e+01
1.367999999999979721e+01;1.000000000000000000e+00;3.259999999999999787e+00;1.371744999999993908e+01
1.369999999999979678e+01;1.000000000000000000e+00;3.259999999999999787e+00;1.374044999999993877e+01
1.371999999999979636e+01;1.000000000000000000e+00;3.259999999999999787e+00;1.376344999999993846e+01
1.373999999999979593e+01;1.000000000000000000e+00;3.270000000000000018e+00;1.377029999999993848e+01
1.375999999999979551e+01;1.000000000000000000e+00;3.279999999999999805e+00;1.377484999999993853e+01
1.377999999999979508e+01;1.000000000000000000e+00;3.270000000000000018e+00;1.380939999999993795e+01
1.379999999999979465e+01;1.000000000000000000e+00;3.270000000000000018e+00;1.383009999999993767e+01
1.381999999999979423e+01;1.000000000000000000e+00;3.270000000000000018e+00;1.385079999999993738e+01
1.383999999999979380e+01;1.000000000000000000e+00;3.270000000000000018e+00;1.387149999999993710e+01
1.385999999999979337e+01;1.000000000000000000e+00;3.270000000000000018e+00;1.389219999999993682e+01
1.387999999999979295e+01;1.000000000000000000e+00;3.279999999999999805e+00;1.389674999999993688e+01
1.389999999999979252e+01;1.000000000000000000e+00;3.279999999999999805e+00;1.391514999999993663e+01
1.391999999999979210e+01;1.000000000000000000e+00;3.279999999999999805e+00;1.393354999999993638e+01
1.393999999999979167e+01;1.000000000000000000e+00;3.279999999999999805e+00;1.395194999999993613e+01
1.395999999999979124e+01;1.000000000000000000e+00;3.290000000000000036e+00;1.395419999999993621e+01
1.397999999999979082e+01;1.000000000000000000e+00;3.290000000000000036e+00;1.397029999999993422e+01
1.399999999999979039e+01;-1.000000000000000000e+00;3.290000000000000036e+00;1.075639999999993535e+01
1.401999999999978996e+01;-1.000000000000000000e+00;3.290000000000000036e+00;1.031249999999993605e+01
1.403999999999978954e+01;-1.000000000000000000e+00;3.279999999999999805e+00;9.884749999999936421e+00
1.405999999999978911e+01;-1.000000000000000000e+00;3.259999999999999787e+00;9.475449999999936423e+00
1.407999999999978868e+01;-1.000000000000000000e+00;3.220000000000000195e+00;9.103049999999935693e+00
1.409999999999978826e+01;-1.000000000000000000e+00;3.189999999999999947e+00;8.723699999999935173e+00
1.411999999999978783e+01;-1.000000000000000000e+00;3.140000000000000124e+00;8.383549999999935665e+00
1.413999999999978741e+01;-1.000000000000000000e+00;3.109999999999999876e+00;8.022599999999936671e+00
1.415999999999978698e+01;-1.000000000000000000e+00;3.049999999999999822e+00;7.716999999999936577e+00
1.417999999999978655e+01;-1.000000000000000000e+00;3.009999999999999787e+00;7.392899999999936966e+00
1.419999999999978613e+01;-1.000000000000000000e+00;2.959999999999999964e+00;7.094149999999936895e+00
1.421999999999978570e+01;-1.000000000000000000e+00;2.910000000000000142e+00;6.806899999999936668e+00
1.423999999999978527e+01;-1.000000000000000000e+00;2.839999999999999858e+00;6.563449999999937390e+00
1.425999999999978485e+01;-1.000000000000000000e+00;2.790000000000000036e+00;6.303799999999936787e+00
1.427999999999978442e+01;-1.000000000000000000e+00;2.729999999999999982e+00;6.071799999999936581e+00
1.429999999999978400e+01;-1.000000000000000000e+00;2.669999999999999929e+00;5.853599999999936188e+00
1.431999999999978357e+01;-1.000000000000000000e+00;2.609999999999999876e+00;5.649199999999936495e+00
1.433999999999978314e+01;-1.000000000000000000e+00;2.549999999999999822e+00;5.458599999999936614e+00
1.435999999999978272e+01;-1.000000000000000000e+00;2.500000000000000000e+00;5.265649999999936881e+00
1.437999999999978229e+01;-1.000000000000000000e+00;2.419999999999999929e+00;5.132649999999936874e+00
1.439999999999978186e+01;-1.000000000000000000e+00;2.350000000000000089e+00;5.001899999999936952e+00
1.441999999999978144e+01;-1.000000000000000000e+00;2.290000000000000036e+00;4.871099999999936259e+00
1.443999999999978101e+01;-1.000000000000000000e+00;2.220000000000000195e+00;4.770249999999935930e+00
1.445999999999978058e+01;-1.000000000000000000e+00;2.149999999999999911e+00;4.685499999999936271e+00
1.447999999999978016e+01;-1.000000000000000000e+00;2.080000000000000071e+00;4.616849999999935505e+00
1.449999999999977973e+01;-1.000000000000000000e+00;2.009999999999999787e+00;4.564299999999936297e+00
1.451999999999977931e+01;-1.000000000000000000e+00;1.949999999999999956e+00;4.511699999999935429e+00
1.453999999999977888e+01;-1.000000000000000000e+00;1.879999999999999893e+00;4.489049999999936702e+00
1.455999999999977845e+01;-1.000000000000000000e+00;1.820000000000000062e+00;4.466349999999936315e+00
1.457999999999977803e+01;-1.000000000000000000e+00;1.750000000000000000e+00;4.473599999999936294e+00
1.459999999999977760e+01;-1.000000000000000000e+00;1.689999999999999947e+00;4.480799999999936389e+00
1.461999999999977717e+01;-1.000000000000000000e+00;1.639999999999999902e+00;4.485649999999936632e+00
1.463999999999977675e+01;-1.000000000000000000e+00;1.580000000000000071e+00;4.518149999999936384e+00
1.465999999999977632e+01;-1.000000000000000000e+00;1.530000000000000027e+00;4.548299999999937171e+00
1.467999999999977589e+01;-1.000000000000000000e+00;1.500000000000000000e+00;4.557649999999936696e+00
1.469999999999977547e+01;-1.000000000000000000e+00;1.449999999999999956e+00;4.606199999999937233e+00
1.471999999999977504e+01;-1.000000000000000000e+00;1.419999999999999929e+00;4.633949999999936509e+00
1.473999999999977462e+01;-1.000000000000000000e+00;1.379999999999999893e+00;4.684749999999936243e+00
1.475999999999977419e+01;-1.000000000000000000e+00;1.360000000000000098e+00;4.712449999999935635e+00
1.477999999999977376e+01;-1.000000000000000000e+00;1.330000000000000071e+00;4.760899999999935517e+00
1.479999999999977334e+01;-1.000000000000000000e+00;1.320000000000000062e+00;4.783949999999935976e+00
1.481999999999977291e+01;-1.000000000000000000e+00;1.300000000000000044e+00;4.825449999999936068e+00
1.483999999999977248e+01;-1.000000000000000000e+00;1.300000000000000044e+00;4.839249999999935881e+00
1.485999999999977206e+01;-1.000000000000000000e+00;1.290000000000000036e+00;4.869199999999935358e+00
1.487999999999977163e+01;-1.000000000000000000e+00;1.290000000000000036e+00;4.885299999999936027e+00
1.489999999999977121e+01;-1.000000000000000000e+00;1.280000000000000027e+00;4.917549999999936361e+00
1.491999999999977078e+01;-1.000000000000000000e+00;1.290000000000000036e+00;4.919799999999936446e+00
1.493999999999977035e+01;-1.000000000000000000e+00;1.290000000000000036e+00;4.935899999999936227e+00
1.495999999999976993e+01;-1.000000000000000000e+00;1.300000000000000044e+00;4.935849999999936344e+00
1.497999999999976950e+01;-1.000000000000000000e+00;1.300000000000000044e+00;4.949649999999936156e+00
1.499999999999976907e+01;-1.000000000000000000e+00;1.310000000000000053e+00;4.947299999999936304e+00
1.501999999999976865e+01;-1.000000000000000000e+00;1.320000000000000062e+00;4.942649999999936483e+00
1.503999999999976822e+01;-1.000000000000000000e+00;1.320000000000000062e+00;4.951849999999936358e+00
1.505999999999976779e+01;-1.000000000000000000e+00;1.330000000000000071e+00;4.944899999999936568e+00
1.507999999999976737e+01;-1.000000000000000000e+00;1.340000000000000080e+00;4.935649999999936810e+00
1.509999999999976694e+01;-1.000000000000000000e+00;1.340000000000000080e+00;4.940249999999936747e+00
1.511999999999976652e+01;-1.000000000000000000e+00;1.350000000000000089e+00;4.928699999999936132e+00
1.513999999999976609e+01;-1.000000000000000000e+00;1.360000000000000098e+00;4.914849999999935548e+00
1.515999999999976566e+01;-1.000000000000000000e+00;1.360000000000000098e+00;4.914849999999935548e+00
1.517999999999976524e+01;-1.000000000000000000e+00;1.370000000000000107e+00;4.898699999999935883e+00
1.519999999999976481e+01;-1.000000000000000000e+00;1.370000000000000107e+00;4.896399999999935915e+00
1.521999999999976438e+01;-1.000000000000000000e+00;1.370000000000000107e+00;4.894099999999935058e+00
1.523999999999976396e+01;-1.000000000000000000e+00;1.370000000000000107e+00;4.891799999999934201e+00
1.525999999999976353e+01;-1.000000000000000000e+00;1.379999999999999893e+00;4.873349999999934568e+00
1.527999999999976311e+01;-1.000000000000000000e+00;1.379999999999999893e+00;4.868749999999934630e+00
1.529999999999976268e+01;-1.000000000000000000e+00;1.379999999999999893e+00;4.864149999999933804e+00
1.531999999999976225e+01;-1.000000000000000000e+00;1.379999999999999893e+00;4.859549999999932979e+00
1.533999999999976183e+01;-1.000000000000000000e+00;1.370000000000000107e+00;4.871099999999932706e+00
1.535999999999976140e+01;-1.000000000000000000e+00;1.379999999999999893e+00;4.852649999999933073e+00
1.537999999999976097e+01;-1.000000000000000000e+00;1.379999999999999893e+00;4.848049999999932247e+00
1.539999999999976055e+01;-1.000000000000000000e+00;1.379999999999999893e+00;4.843449999999931421e+00
1.541999999999976012e+01;-1.000000000000000000e+00;1.379999999999999893e+00;4.838849999999931484e+00
1.543999999999975969e+01;-1.000000000000000000e+00;1.370000000000000107e+00;4.850399999999931211e+00
1.545999999999975927e+01;-1.000000000000000000e+00;1.370000000000000107e+00;4.848099999999930354e+00
1.547999999999975884e+01;-1.000000000000000000e+00;1.370000000000000107e+00;4.845799999999929497e+00
1.549999999999975842e+01;-1.000000000000000000e+00;1.360000000000000098e+00;4.859649999999929193e+00
1.551999999999975799e+01;-1.000000000000000000e+00;1.370000000000000107e+00;4.843499999999929528e+00
1.553999999999975756e+01;-1.000000000000000000e+00;1.360000000000000098e+00;4.857349999999929224e+00
1.555999999999975714e+01;-1.000000000000000000e+00;1.350000000000000089e+00;4.873499999999928889e+00
1.557999999999975671e+01;-1.000000000000000000e+00;1.360000000000000098e+00;4.859649999999929193e+00
1.559999999999975628e+01;-1.000000000000000000e+00;1.360000000000000098e+00;4.859649999999929193e+00
1.561999999999975586e+01;-1.000000000000000000e+00;1.350000000000000089e+00;4.875799999999928858e+00
1.563999999999975543e+01;-1.000000000000000000e+00;1.360000000000000098e+00;4.861949999999929162e+00
1.565999999999975500e+01;-1.000000000000000000e+00;1.350000000000000089e+00;4.878099999999928826e+00
1.567999999999975458e+01;-1.000000000000000000e+00;1.360000000000000098e+00;4.864249999999929130e+00
1.569999999999975415e+01;-1.000000000000000000e+00;1.360000000000000098e+00;4.864249999999929130e+00
1.571999999999975373e+01;-1.000000000000000000e+00;1.350000000000000089e+00;4.880399999999928795e+00
1.573999999999975330e+01;-1.000000000000000000e+00;1.370000000000000107e+00;4.850399999999929435e+00
1.575999999999975287e+01;-1.000000000000000000e+00;1.360000000000000098e+00;4.864249999999929130e+00
1.577999999999975245e+01;-1.000000000000000000e+00;1.360000000000000098e+00;4.864249999999929130e+00
1.579999999999975202e+01;-1.000000000000000000e+00;1.370000000000000107e+00;4.848099999999928578e+00
1.581999999999975159e+01;-1.000000000000000000e+00;1.370000000000000107e+00;4.845799999999927721e+00
1.583999999999975117e+01;-1.000000000000000000e+00;1.360000000000000098e+00;4.859649999999927417e+00
1.585999999999975074e+01;-1.000000000000000000e+00;1.370000000000000107e+00;4.843499999999927752e+00
1.587999999999975032e+01;-1.000000000000000000e+00;1.370000000000000107e+00;4.841199999999927783e+00
1.589999999999974989e+01;-1.000000000000000000e+00;1.360000000000000098e+00;4.855049999999927479e+00
1.591999999999974946e+01;-1.000000000000000000e+00;1.360000000000000098e+00;4.855049999999927479e+00
1.593999999999974904e+01;-1.000000000000000000e+00;1.360000000000000098e+00;4.855049999999927479e+00
1.595999999999974861e+01;-1.000000000000000000e+00;1.370000000000000107e+00;4.838899999999926926e+00
1.597999999999974818e+01;-1.000000000000000000e+00;1.370000000000000107e+00;4.836599999999926069e+00
